{
  "benchmark_id": "movielens25m_recursive_frontier_public_v1",
  "checks": {
    "equal_fp_band_reachable": true,
    "event_count_meaningful": true,
    "event_runway_max_meaningful": true,
    "event_runway_median_meaningful": true
  },
  "contract_sha256": "2e256b255a7f074c1516d70315ebb216241a4a7e8aba2db88b194417705fd71d",
  "control_episode_end_step_summary": {
    "max": 40.0,
    "mean": 40.0,
    "median": 40.0,
    "min": 40.0,
    "p25": 40.0,
    "p75": 40.0
  },
  "control_grid": {
    "band_reachable": true,
    "grid_step": 0.00015239256324291374,
    "reachable_points_in_band": [
      0.030021334958854007,
      0.030173727522096922,
      0.030326120085339834,
      0.03047851264858275,
      0.030630905211825665,
      0.030783297775068576,
      0.03093569033831149,
      0.031088082901554404,
      0.03124047546479732,
      0.031392868028040234,
      0.031545260591283146,
      0.03169765315452606,
      0.03185004571776897,
      0.03200243828101189,
      0.0321548308442548,
      0.03230722340749771,
      0.03245961597074063,
      0.03261200853398354,
      0.032764401097226455,
      0.032916793660469366,
      0.033069186223712285,
      0.0332215787869552,
      0.03337397135019811,
      0.03352636391344102,
      0.03367875647668394,
      0.03383114903992685,
      0.03398354160316976,
      0.03413593416641268,
      0.034288326729655594,
      0.034440719292898506,
      0.03459311185614142,
      0.034745504419384336,
      0.03489789698262725,
      0.03505028954587016,
      0.03520268210911308,
      0.03535507467235599,
      0.0355074672355989,
      0.035659859798841814,
      0.03581225236208473,
      0.035964644925327645,
      0.03611703748857056,
      0.03626943005181347,
      0.03642182261505639,
      0.0365742151782993,
      0.03672660774154221,
      0.03687900030478513,
      0.03703139286802804,
      0.03718378543127095,
      0.037336177994513865,
      0.037488570557756784,
      0.037640963120999696,
      0.03779335568424261,
      0.03794574824748552,
      0.03809814081072844,
      0.03825053337397135,
      0.03840292593721426,
      0.03855531850045718,
      0.03870771106370009,
      0.038860103626943004,
      0.039012496190185916,
      0.039164888753428835,
      0.03931728131667175,
      0.03946967387991466,
      0.03962206644315757,
      0.03977445900640049,
      0.0399268515696434,
      0.04007924413288631,
      0.04023163669612923,
      0.040384029259372144,
      0.040536421822615055,
      0.04068881438585797,
      0.040841206949100886,
      0.0409935995123438,
      0.04114599207558671,
      0.04129838463882963,
      0.04145077720207254,
      0.04160316976531545,
      0.041755562328558364,
      0.04190795489180128,
      0.042060347455044195,
      0.04221274001828711,
      0.04236513258153002,
      0.04251752514477294,
      0.04266991770801585,
      0.04282231027125876,
      0.04297470283450168,
      0.04312709539774459,
      0.0432794879609875,
      0.043431880524230415,
      0.043584273087473334,
      0.043736665650716246,
      0.04388905821395916,
      0.04404145077720207,
      0.04419384334044499,
      0.0443462359036879,
      0.04449862846693081,
      0.04465102103017373,
      0.04480341359341664,
      0.044955806156659554,
      0.045108198719902466,
      0.045260591283145385,
      0.0454129838463883,
      0.04556537640963121,
      0.04571776897287412,
      0.04587016153611704,
      0.04602255409935995,
      0.04617494666260286,
      0.04632733922584578,
      0.046479731789088694,
      0.046632124352331605,
      0.04678451691557452,
      0.046936909478817436,
      0.04708930204206035,
      0.04724169460530326,
      0.04739408716854617,
      0.04754647973178909,
      0.047698872295032,
      0.047851264858274914,
      0.04800365742151783,
      0.048156049984760745,
      0.048308442548003656,
      0.04846083511124657,
      0.04861322767448949,
      0.0487656202377324,
      0.04891801280097531,
      0.04907040536421823,
      0.04922279792746114,
      0.04937519049070405,
      0.049527583053946965,
      0.049679975617189884,
      0.049832368180432796,
      0.04998476074367571,
      0.05013715330691862,
      0.05028954587016154,
      0.05044193843340445,
      0.05059433099664736,
      0.05074672355989028,
      0.05089911612313319,
      0.051051508686376104,
      0.051203901249619016,
      0.051356293812861935,
      0.05150868637610485,
      0.05166107893934776,
      0.05181347150259067,
      0.05196586406583359,
      0.0521182566290765,
      0.05227064919231941,
      0.05242304175556233,
      0.05257543431880524,
      0.052727826882048155,
      0.05288021944529107,
      0.053032612008533986,
      0.0531850045717769,
      0.05333739713501981,
      0.05348978969826272,
      0.05364218226150564,
      0.05379457482474855,
      0.053946967387991464,
      0.05409935995123438,
      0.054251752514477294,
      0.054404145077720206,
      0.05455653764096312,
      0.05470893020420604,
      0.05486132276744895,
      0.05501371533069186,
      0.05516610789393478,
      0.05531850045717769,
      0.0554708930204206,
      0.055623285583663515,
      0.055775678146906434,
      0.055928070710149345,
      0.05608046327339226,
      0.05623285583663517,
      0.05638524839987809,
      0.056537640963121,
      0.05669003352636391,
      0.05684242608960683,
      0.05699481865284974,
      0.057147211216092654,
      0.057299603779335566,
      0.057451996342578485,
      0.057604388905821396,
      0.05775678146906431,
      0.05790917403230722,
      0.05806156659555014,
      0.05821395915879305,
      0.05836635172203596,
      0.05851874428527888,
      0.05867113684852179,
      0.058823529411764705,
      0.05897592197500762,
      0.059128314538250536,
      0.05928070710149345,
      0.05943309966473636,
      0.05958549222797927,
      0.05973788479122219,
      0.0598902773544651,
      0.060042669917708014,
      0.06019506248095093,
      0.060347455044193844,
      0.060499847607436756,
      0.06065224017067967,
      0.06080463273392259,
      0.0609570252971655,
      0.06110941786040841,
      0.06126181042365133,
      0.06141420298689424,
      0.06156659555013715,
      0.061718988113380065,
      0.06187138067662298,
      0.062023773239865895,
      0.06217616580310881,
      0.06232855836635172,
      0.06248095092959464,
      0.06263334349283754,
      0.06278573605608047,
      0.06293812861932338,
      0.06309052118256629,
      0.0632429137458092,
      0.06339530630905212,
      0.06354769887229503,
      0.06370009143553794,
      0.06385248399878087,
      0.06400487656202378,
      0.06415726912526669,
      0.0643096616885096,
      0.06446205425175251,
      0.06461444681499542,
      0.06476683937823834,
      0.06491923194148126,
      0.06507162450472417,
      0.06522401706796709,
      0.06537640963121,
      0.06552880219445291,
      0.06568119475769582,
      0.06583358732093873,
      0.06598597988418166,
      0.06613837244742457,
      0.06629076501066748,
      0.0664431575739104,
      0.0665955501371533,
      0.06674794270039622,
      0.06690033526363913,
      0.06705272782688204,
      0.06720512039012497,
      0.06735751295336788,
      0.06750990551661079,
      0.0676622980798537,
      0.06781469064309661,
      0.06796708320633953,
      0.06811947576958244,
      0.06827186833282536,
      0.06842426089606828,
      0.06857665345931119,
      0.0687290460225541,
      0.06888143858579701,
      0.06903383114903992,
      0.06918622371228283,
      0.06933861627552576,
      0.06949100883876867,
      0.06964340140201158,
      0.0697957939652545,
      0.06994818652849741
    ]
  },
  "counts": {
    "n_control_units": 6562,
    "n_event_units": 33777,
    "n_excluded_units": 122202,
    "n_included_units": 40339,
    "n_total_users_processed": 162541
  },
  "decision": "PASS",
  "engine_hash": "56c1cff225d60c09",