{
  "variable": "log_activity = log(1 + warm_start_positive_count) [WARM-START POSITIVE COUNT \u2014 thin early positive history, NOT total volume]",
  "source": "C* covariate cache decompressed b7a0aa36 (25,020-row superset)",
  "strata": {
    "starved_at_<=20": {
      "n": 3292,
      "median": 2.890372,
      "IQR": [
        2.639057,
        3.091042
      ]
    },
    "clean": {
      "n": 1460,
      "median": 3.044522,
      "IQR": [
        2.833213,
        3.218876
      ]
    }
  },
  "standardized_difference_starved_minus_clean": {
    "cohens_d": -0.441137,
    "bootstrap_CI_95": [
      -0.500015,
      -0.381052
    ],
    "n_boot": 10000,
    "seed": 201
  },
  "ecdf_starved": [
    [
      0.0,
      0.000911
    ],
    [
      0.693147,
      0.001823
    ],
    [
      1.098612,
      0.004253
    ],
    [
      1.386294,
      0.007594
    ],
    [
      1.609438,
      0.015492
    ],
    [
      1.791759,
      0.029769
    ],
    [
      1.94591,
      0.044654
    ],
    [
      2.079442,
      0.063487
    ],
    [
      2.197225,
      0.083232
    ],
    [
      2.302585,
      0.115735
    ],
    [
      2.397895,
      0.148238
    ],
    [
      2.484907,
      0.19836
    ],
    [
      2.564949,
      0.248481
    ],
    [
      2.639057,
      0.30164
    ],
    [
      2.70805,
      0.359964
    ],
    [
      2.772589,
      0.425273
    ],
    [
      2.833213,
      0.488457
    ],
    [
      2.890372,
      0.544957
    ],
    [
      2.944439,
      0.617254
    ],
    [
      2.995732,
      0.676488
    ],
    [
      3.044522,
      0.734204
    ],
    [
      3.091042,
      0.782807
    ],
    [
      3.135494,
      0.828979
    ],
    [
      3.178054,
      0.868773
    ],
    [
      3.218876,
      0.90158
    ],
    [
      3.258097,
      0.927096
    ],
    [
      3.295837,
      0.954435
    ],
    [
      3.332205,
      0.970838
    ],
    [
      3.367296,
      0.982078
    ],
    [
      3.401197,
      0.99271
    ],
    [
      3.433987,
      1.0
    ]
  ],
  "ecdf_clean": [
    [
      0.693147,
      0.00137
    ],
    [
      1.098612,
      0.002055
    ],
    [
      1.386294,
      0.004795
    ],
    [
      1.609438,
      0.013699
    ],
    [
      1.791759,
      0.017808
    ],
    [
      1.94591,
      0.023288
    ],
    [
      2.079442,
      0.026027
    ],
    [
      2.197225,
      0.030137
    ],
    [
      2.302585,
      0.04589
    ],
    [
      2.397895,
      0.061644
    ],
    [
      2.484907,
      0.084932
    ],
    [
      2.564949,
      0.111644
    ],
    [
      2.639057,
      0.143151
    ],
    [
      2.70805,
      0.175342
    ],
    [
      2.772589,
      0.227397
    ],
    [
      2.833213,
      0.280137
    ],
    [
      2.890372,
      0.341096
    ],
    [
      2.944439,
      0.40137
    ],
    [
      2.995732,
      0.469178
    ],
    [
      3.044522,
      0.558904
    ],
    [
      3.091042,
      0.620548
    ],
    [
      3.135494,
      0.690411
    ],
    [
      3.178054,
      0.746575
    ],
    [
      3.218876,
      0.807534
    ],
    [
      3.258097,
      0.85411
    ],
    [
      3.295837,
      0.891781
    ],
    [
      3.332205,
      0.923288
    ],
    [
      3.367296,
      0.955479
    ],
    [
      3.401197,
      0.974658
    ],
    [
      3.433987,
      1.0
    ]
  ],
  "trigger_evaluation": {
    "predicted_direction_starved_below_clean": true,
    "abs_d_ge_0.2": true,
    "CI_excludes_0": true,
    "ASSOCIATED": "FIRED"
  },
  "licensed_phrase": "users with thin early positive history",
  "non_inference": "pop_affinity deliberately NOT compared (D-42); no taste-popularity inference licensed.",
  "foreclosed_readings": "D-42 (a) and (b) \u2014 an association among EXCLUDED units cannot bear on the purified comparison; the starved-sparse stratum is unlabelable by construction (this makes the \u00a711 scope more legible, never smaller)."
}
