{
  "decision_quantities": {
    "covariate": {
      "bD": [
        -0.5384322630782113,
        -0.6909434213931182,
        -0.38495245178562676
      ],
      "bG": [
        -0.47529792131778,
        -0.6349290652786788,
        -0.31272321215183274
      ],
      "bP": [
        -0.4188298593974794,
        -0.5119980640331784,
        -0.3280090578538763
      ],
      "incr_auc": [
        0.16210671246893804,
        0.14305972286871896,
        0.1830942146971705
      ]
    },
    "criteria": {
      "c1": false,
      "c2": false,
      "c3": false
    },
    "popularity_delta_b05": [
      -0.594006361962163,
      -0.6168708152827443,
      -0.5703565619744304
    ],
    "real_delta_by_budget": {
      "0.02": [
        -0.5027085590465872,
        -0.5246999932851553,
        -0.4870588539708494
      ],
      "0.05": [
        -0.47158475327489413,
        -0.4957082240043985,
        -0.4438108058061847
      ],
      "0.1": [
        -0.43553629469122424,
        -0.4586448254326766,
        -0.4153106911371389
      ],
      "0.2": [
        -0.3856988082340195,
        -0.41218582748897087,
        -0.3488057857784952
      ]
    },
    "reason": "fails on own merits: c1=False c2=False c3=False",
    "shuffled_delta_b05": {
      "shuffled_ts_102": [
        -0.5138537319559416,
        -0.5263662270205856,
        -0.4974717034526874
      ],
      "shuffled_ts_103": [
        -0.5274822695035462,
        -0.5408302544938268,
        -0.5119526342334888
      ],
      "shuffled_ts_104": [
        -0.5259396687968116,
        -0.5413896493938885,
        -0.50981805347514
      ],
      "shuffled_ts_105": [
        -0.5306345733041575,
        -0.5453113288366102,
        -0.5170478366101383
      ],
      "shuffled_ts_106": [
        -0.5400560990627352,
        -0.5521560289829063,
        -0.5271698456893336
      ]
    },
    "verdict": "SIGNAL DIES"
  },
  "payload_sha256": "472571471d94ddbc69e634bec4c1fdb21b531148fdebd5fbff7ab655a03b3685",
  "reason": "fails on own merits: c1=False c2=False c3=False",
  "route_cap": null,
  "verdict": "SIGNAL DIES"
}
